word,pos
sorry,INTJ
imp,VERB
nibble,ADJ
dale,NOUN
dear,INTJ
rate,NOUN
one,PRON
poke,VERB
your,PRON
scramble,VERB
colour,NOUN
cough,VERB
dishful,ADJ
suit,VERB
fact,NOUN
wet,ADJ
virus,NOUN
aught,NOUN
knight,NOUN
linnet,NOUN
clamber,VERB
touch,NOUN
later,ADV
chap,NOUN
lime,NOUN
simple,NOUN
revive,VERB
sky,NOUN
duty,NOUN
folk,NOUN
shed,VERB
childless,ADJ
brute,NOUN
healing,NOUN
fortress,NOUN
gape,VERB
report,NOUN
hurt,VERB
dwarf,VERB
faster,ADJ
transcribe,VERB
after,ADV
yell,VERB
whose,DET
begone,NOUN
come,VERB
coin,VERB
furrow,NOUN
grandmother,NOUN
cry,VERB
ugly,ADV
music,NOUN
scent,NOUN
gay,NOUN
stoke,VERB
opinion,NOUN
’s,AUX
industrious,ADJ
self,NOUN
foul,ADV
graciously,ADV
utter,VERB
donation,NOUN
carter,NOUN
embrace,VERB
happily,ADV
cutter,NOUN
book,NOUN
grated,ADJ
stain,VERB
gilded,ADJ
bier,NOUN
bake,VERB
speak,NOUN
fail,VERB
seventh,ADJ
receipt,NOUN
need,VERB
shoot,VERB
desert,NOUN
starry,ADJ
man,NOUN
clave,VERB
royal,NOUN
fierce,ADJ
win,VERB
quarrel,NOUN
carriage,NOUN
one,NOUN
being,NOUN
violent,ADJ
plight,NOUN
your,NOUN
nod,VERB
hie,NOUN
hollow,NOUN
stump,NOUN
safeguard,NOUN
absence,NOUN
mid,ADJ
yesterday,NOUN
entreat,VERB
possibly,ADV
general,ADJ
nose,NOUN
at,ADV
weep,NOUN
venture,NOUN
scarcely,ADV
suffer,VERB
sell,VERB
unwillingly,ADV
narrow,ADJ
hit,VERB
person,NOUN
workshop,NOUN
lovely,ADJ
cottage,NOUN
ash,NOUN
naked,ADJ
restrain,VERB
soot,NOUN
ale,NOUN
leathern,ADJ
waiting,NOUN
aware,ADJ
mouse,NOUN
dangle,VERB
scholarly,ADJ
corporation,NOUN
remark,VERB
clumsy,ADJ
arrangement,NOUN
horn,NOUN
obtain,VERB
tempting,ADJ
celebrated,ADJ
snip,NOUN
silver,ADJ
bloody,ADJ
federal,ADJ
hamper,VERB
love,NOUN
match,NOUN
disk,NOUN
1.e.3,NOUN
before,ADP
branch,NOUN
wedding,NOUN
different,ADJ
travel,VERB
deny,VERB
steed,NOUN
s,VERB
trot,VERB
daylight,NOUN
neighbourly,ADJ
proposal,NOUN
sol,NOUN
access,NOUN
constantly,ADV
soundly,ADV
off,ADV
across,ADP
quicker,ADJ
greatest,ADJ
worst,ADJ
chicken,NOUN
ball,NOUN
ashen,ADJ
approach,NOUN
shift,NOUN
consider,VERB
lower,ADV
greet,VERB
grey,ADJ
middle,NOUN
about,ADV
successor,NOUN
dearer,VERB
english,ADJ
accurse,VERB
beneath,ADP
crab,NOUN
buy,VERB
trample,VERB
mussel,NOUN
prettiest,NOUN
nosegay,NOUN
flame,NOUN
whispering,NOUN
might,AUX
jib,NOUN
infringement,NOUN
train,VERB
rib,NOUN
fig,NOUN
rose,ADJ
discontinue,VERB
son,NOUN
last,ADJ
unlink,VERB
mysterious,ADJ
towards,ADP
topmost,ADJ
reappear,VERB
sorrowful,ADJ
dripping,ADJ
wren,NOUN
mother,NOUN
is,AUX
truth,NOUN
necessity,NOUN
draught,NOUN
lap,NOUN
deep,ADV
mind,VERB
consequence,NOUN
beginning,NOUN
display,NOUN
clip,VERB
toast,VERB
offer,NOUN
east,ADJ
fool,NOUN
tom,NOUN
scythe,NOUN
cool,ADJ
main,ADJ
bustle,NOUN
thriven,NOUN
strength,VERB
dig,VERB
dusky,ADJ
there,PRON
longer,ADV
shut,VERB
from,ADP
soften,VERB
lain,VERB
foot,NOUN
workmanship,NOUN
beckon,VERB
stay,VERB
hunger,NOUN
hearty,ADJ
damaged,ADJ
knead,VERB
scamper,VERB
ugly,ADJ
precious,ADJ
contract,NOUN
splash,VERB
determined,ADJ
disclose,VERB
grant,VERB
sulkily,ADV
's,PART
understanding,NOUN
pardon,NOUN
treacherous,ADJ
explanation,NOUN
something,PRON
punish,VERB
gardener,NOUN
snow,VERB
suck,VERB
claim,VERB
customer,NOUN
price,NOUN
drive,NOUN
scullion,NOUN
fire,NOUN
cushion,NOUN
trouble,NOUN
sister,NOUN
confess,VERB
aid,NOUN
praise,VERB
spare,VERB
dewdrop,NOUN
tremble,NOUN
awhile,ADV
wreath,NOUN
sprinkle,VERB
health,NOUN
obey,VERB
1.e.8,NOUN
1.f.1,NOUN
tis,VERB
brain,NOUN
collar,NOUN
simpleton,NOUN
some,DET
temptation,NOUN
ravaging,NOUN
brisker,NOUN
use,VERB
better,ADV
couple,NOUN
faithful,ADJ
show,NOUN
salad,NOUN
change,NOUN
exert,VERB
calculate,VERB
considerable,ADJ
bloom,NOUN
shady,ADJ
wicket,NOUN
poison,NOUN
unawares,ADV
smile,VERB
wound,VERB
oral,ADJ
day,NOUN
deck,VERB
quite,ADV
perceive,VERB
blythe,VERB
doubt,ADV
mourner,NOUN
both,DET
term,NOUN
fishpond,NOUN
garret,NOUN
decree,NOUN
century,NOUN
altar,NOUN
despair,NOUN
invisible,ADJ
thirsty,ADJ
pitch,NOUN
phrase,NOUN
muse,VERB
sort,NOUN
pillow,VERB
custom,NOUN
craft,NOUN
bargain,VERB
loss,NOUN
thee,VERB
rabble,NOUN
no,INTJ
like,ADJ
now,ADV
grease,NOUN
goodbye,X
miller,NOUN
equipment,NOUN
welcome,VERB
frock,NOUN
job,NOUN
mortal,ADJ
frightfully,ADV
rest,VERB
silken,ADJ
complete,VERB
everyone,PRON
ado,NOUN
wander,VERB
motion,NOUN
tack,VERB
lower,ADJ
expense,NOUN
ill,ADV
about,ADJ
export,VERB
millet,NOUN
begin,VERB
hill,NOUN
slaughterer,NOUN
pierce,VERB
dining,NOUN
partlet,VERB
conversation,NOUN
slop,VERB
godless,ADJ
silver,NOUN
alight,VERB
spin,NOUN
funny,ADJ
pine,VERB
superior,ADJ
workman,NOUN
piebald,NOUN
crowd,NOUN
cheat,VERB
collect,VERB
gaze,VERB
eagerness,NOUN
battlefield,NOUN
pocket,NOUN
’,VERB
land,NOUN
pile,VERB
head,NOUN
hook,NOUN
lock,VERB
class,NOUN
sweep,VERB
covering,NOUN
perhaps,ADV
deep,ADJ
weariness,NOUN
waken,VERB
barrel,NOUN
dash,VERB
legal,ADJ
remained,AUX
disclaim,VERB
hold,NOUN
alike,ADV
floor,NOUN
courage,NOUN
which,DET
permit,VERB
once,ADV
handful,NOUN
peck,VERB
sufficiently,ADV
thieve,VERB
laced,ADJ
grey,NOUN
bare,ADJ
foolishly,ADV
almost,ADV
ember,NOUN
vex,VERB
promote,VERB
squeeze,VERB
prison,NOUN
wind,NOUN
push,VERB
much,ADJ
string,NOUN
harnes,VERB
blacken,VERB
dare,VERB
ashamed,ADJ
take,VERB
sour,ADJ
carry,VERB
rose,NOUN
tile,VERB
nail,VERB
n’t,PART
lovelier,ADJ
delay,VERB
polish,VERB
information,NOUN
crack,VERB
feel,VERB
spread,NOUN
older,ADJ
spirited,ADJ
sport,NOUN
hair,NOUN
neighbouring,NOUN
ovenful,NOUN
dwarf,NOUN
household,NOUN
those,DET
limited,ADJ
involuntarily,ADV
research,NOUN
exchange,VERB
other,ADJ
then--,VERB
herb,NOUN
buzz,VERB
sore,ADV
abundance,NOUN
candle,NOUN
slay,NOUN
invite,VERB
magic,ADJ
task,NOUN
underwood,ADJ
plough,VERB
else,ADV
musician,NOUN
grumble,VERB
cool,NOUN
learn,VERB
up,ADV
beg,NOUN
hover,VERB
boar,NOUN
she,PRON
doublet,NOUN
happen,VERB
dirtiest,ADJ
goldsmith,NOUN
fancy,NOUN
sick,ADJ
better,ADJ
while,NOUN
holiday,NOUN
bake,NOUN
amazed,ADJ
philology,NOUN
clean,VERB
need,NOUN
distress,VERB
belong,VERB
seam,NOUN
heavily,ADV
that,SCONJ
hearing,NOUN
loaf,NOUN
furious,ADJ
overjoy,VERB
stillness,NOUN
harmless,ADJ
sickness,NOUN
guard,NOUN
owl,NOUN
fish,NOUN
lifeless,ADV
burden,NOUN
disenchant,VERB
barely,ADV
neither,DET
image,NOUN
steel,NOUN
amiss,ADJ
bowl,NOUN
growling,NOUN
feather,NOUN
tear,VERB
hound,NOUN
collection,NOUN
sorely,ADV
strap,NOUN
thin,ADJ
fall,VERB
beam,NOUN
pig,NOUN
alive,ADJ
prying,NOUN
great,ADJ
host,NOUN
undone,ADJ
free,VERB
roam,VERB
charge,VERB
enormous,ADJ
alight,ADJ
crash,NOUN
hope,NOUN
sense,NOUN
just,ADV
ill,ADJ
jam,NOUN
up,ADP
turn,NOUN
otherwise,ADV
dispute,VERB
spoil,VERB
power,NOUN
increase,VERB
see,VERB
half,DET
dawdle,VERB
perform,VERB
own,VERB
identification,NOUN
drum,NOUN
compassionate,ADJ
account,NOUN
valuable,ADJ
cavern,NOUN
far,ADV
divide,VERB
print,VERB
fly,VERB
contrive,VERB
pearl,NOUN
impetuous,ADJ
cook,NOUN
box,NOUN
launch,VERB
fiend,NOUN
bathing,NOUN
deletion,NOUN
gangest,ADJ
readable,ADJ
wall,VERB
place,NOUN
over,ADP
online,ADV
a,DET
braying,NOUN
whatever,DET
forfeit,VERB
mourn’d,VERB
took,VERB
milk,NOUN
wait,VERB
river,NOUN
forth,ADP
insist,VERB
train,NOUN
dost,VERB
bride,NOUN
bring,VERB
rock,NOUN
darkest,ADJ
loud,ADV
pinafore,NOUN
mind,NOUN
short,ADJ
pretend,VERB
labourer,NOUN
heal,VERB
what,PRON
but,SCONJ
faithfulness,NOUN
be,AUX
harness,VERB
address,NOUN
were,AUX
limitation,NOUN
kindness,NOUN
obstacle,NOUN
ante,NOUN
nearly,ADV
able,ADJ
dancing,NOUN
opposite,ADJ
guest,NOUN
reference,NOUN
always,ADV
stable,NOUN
wag,VERB
true,ADJ
stay,NOUN
wager,VERB
sore,ADJ
german,NOUN
thrust,VERB
persistent,ADJ
madman,NOUN
dragon,NOUN
nicely,ADV
note,NOUN
glass,NOUN
else,ADJ
tm,NOUN
leisure,NOUN
eager,ADJ
garden,NOUN
diamond,NOUN
cleverly,ADV
mourning,NOUN
charm,NOUN
wallface,NOUN
chatter,VERB
heroic,ADJ
someone,PRON
swallow,VERB
quick,ADJ
mate,NOUN
cow,NOUN
back,ADP
while,SCONJ
thirdly,ADV
date,NOUN
hundred,NOUN
paper,NOUN
1.f.2,NOUN
art,NOUN
wisdom,NOUN
prevent,VERB
pair,NOUN
amuse,VERB
contented,ADJ
overnight,ADV
breed,VERB
choose,VERB
oneself,PRON
acknowledge,VERB
unenforceability,NOUN
basket,NOUN
pitcher,NOUN
kid,NOUN
rope,NOUN
frolic,NOUN
knit,VERB
beer,NOUN
excellent,ADJ
mean,VERB
piece,NOUN
barn,NOUN
thou,DET
chestnut,NOUN
whereon,VERB
other,NOUN
line,NOUN
fork,NOUN
permission,NOUN
wo,AUX
magic,NOUN
wretchedness,NOUN
moreover,ADV
earnestly,ADV
door,NOUN
help,VERB
like,INTJ
ease,VERB
stretch,VERB
singe,VERB
so,CCONJ
weary,ADJ
on,ADP
thickly,ADV
shalt,NOUN
burnish,VERB
roguery,NOUN
distinguish,VERB
gallow,NOUN
sick,NOUN
summon,NOUN
run,VERB
above,ADV
earthenware,ADJ
suffocated,ADJ
uproar,NOUN
rouse,VERB
top,NOUN
own,ADJ
subdue,NOUN
silence,NOUN
by,NOUN
sting,NOUN
talk,VERB
tan,ADJ
pillow,NOUN
chain,NOUN
rushlight,NOUN
dreary,ADJ
world,NOUN
heavy,ADJ
companion,NOUN
entrance,NOUN
charming,ADJ
sorrow,NOUN
jemmy,VERB
crafty,ADJ
boil,VERB
unbound,ADJ
bearded,ADJ
bend,VERB
human,ADJ
afternoon,NOUN
big,ADJ
neglect,VERB
outwit,VERB
collapse,VERB
roll,NOUN
eagle,NOUN
format,NOUN
unicorn,NOUN
lean,VERB
betray,VERB
spite,NOUN
scanty,NOUN
plant,VERB
fowler,NOUN
into,ADP
fat,ADJ
clutch,VERB
willingly,ADV
nowhere,ADV
hero,NOUN
o,INTJ
settle,VERB
foam,NOUN
den,NOUN
woefully,ADV
starve,VERB
wight,NOUN
merry,ADJ
partlet,NOUN
truly,ADV
unbeaten,NOUN
online,ADJ
hoarse,ADJ
costly,ADJ
arrow,NOUN
maid,NOUN
black,ADJ
family,NOUN
forsake,VERB
band,NOUN
baby,NOUN
conceal,VERB
wheresoever,DET
too,ADV
eat,AUX
paragraph,NOUN
pond,NOUN
liability,NOUN
crumble,VERB
fight,VERB
reality,NOUN
electronic,ADJ
blind,VERB
greedy,ADJ
nor,CCONJ
hillock,NOUN
pile,NOUN
lock,NOUN
leave,NOUN
reflect,VERB
lofty,ADJ
detach,VERB
contain,VERB
mistake,VERB
tub,NOUN
hi,INTJ
equally,ADV
peep,NOUN
poodle,ADJ
skill,NOUN
bundle,NOUN
share,VERB
stream,NOUN
room,NOUN
sluggard,VERB
traitor,NOUN
gateway,NOUN
adrift,ADJ
insect,NOUN
fighting,NOUN
support,VERB
worm,NOUN
redistribute,VERB
push,NOUN
chirping,NOUN
wish,VERB
1.f.3,NOUN
bellow,ADJ
helpless,ADJ
laugh,VERB
let,VERB
bottom,NOUN
flask,NOUN
streak,NOUN
murder,VERB
strip,VERB
corrupt,ADJ
nail,NOUN
bedchamber,NOUN
hour,NOUN
goodness,NOUN
crack,NOUN
pick,VERB
prophecy,NOUN
scene,NOUN
comply,VERB
void,VERB
fasten,VERB
of,ADP
doom,NOUN
thus,ADV
darkness,NOUN
hazel,ADJ
thrive,VERB
signal,NOUN
chief,NOUN
bore,NOUN
youngest,ADJ
either,CCONJ
ell,NOUN
spat,NOUN
most,ADV
fond,ADJ
out,ADP
alternate,ADJ
tiding,NOUN
among,ADP
mournful,ADJ
measure,NOUN
pass,VERB
roaring,NOUN
deeply,ADV
unpack,VERB
backwards,ADV
scorch,VERB
huntsman,NOUN
detail,NOUN
meanwhile,ADV
shew,VERB
coil,VERB
nudge,VERB
slyly,ADV
treasure,NOUN
patience,NOUN
to,AUX
cloud,NOUN
cross,ADJ
tarry,VERB
tremendous,ADJ
force,NOUN
unhappiness,NOUN
stitch,VERB
mine,PRON
sad,ADJ
fundevogel,VERB
expend,VERB
wash,VERB
useful,ADJ
its,PRON
tail,NOUN
worthy,ADJ
robe,NOUN
live,ADV
growl,VERB
around,ADV
unseen,ADJ
pipe,NOUN
castle,ADJ
possession,NOUN
sexton,NOUN
repair,NOUN
ingratitude,NOUN
safely,ADV
princess,NOUN
splendid,ADJ
eater,NOUN
but,CCONJ
neat,ADJ
escape,NOUN
worry,VERB
dry,ADJ
’ve,VERB
applicable,ADJ
only,ADV
dear,VERB
update,VERB
guilty,ADJ
without,ADP
live,VERB
wise,ADJ
capital,NOUN
quilt,NOUN
busy,ADJ
sensibly,ADV
midge,NOUN
lack,VERB
embark,VERB
valiant,ADJ
unbutton,VERB
fit,NOUN
feign,VERB
modify,VERB
stand,VERB
cudgel,VERB
anger,VERB
knave,NOUN
therefore,ADV
hat,NOUN
attendant,NOUN
degree,NOUN
squirrel,NOUN
grin,VERB
right,ADJ
vanish,VERB
ago,ADV
ye,NOUN
anyone,PRON
dispute,NOUN
howling,NOUN
doodle,NOUN
cardinal,NOUN
particularly,ADV
ebony,NOUN
accord,VERB
strengthen,VERB
rename,VERB
mine,NOUN
distribute,VERB
labour,VERB
bathe,VERB
sign,VERB
trump,NOUN
magnificence,NOUN
dreadfully,ADV
cheer,NOUN
permanent,ADJ
aged,ADJ
visit,NOUN
store,VERB
subscribe,VERB
have,VERB
fill,VERB
girl,NOUN
print,NOUN
unsolicited,ADJ
dead,ADV
frog,NOUN
do,AUX
brush,VERB
derivative,ADJ
if,SCONJ
greatly,ADV
smaller,ADJ
fed,NOUN
neatly,ADV
prey,NOUN
pry,VERB
apiece,ADV
assure,VERB
pigsty,ADJ
parley,NOUN
business,NOUN
harshly,ADV
straw,NOUN
tug,VERB
forge,NOUN
non,ADJ
brew,VERB
taste,NOUN
firmly,ADV
tall,ADJ
’--and,ADV
nigh,ADJ
wit,NOUN
ensure,VERB
fat,NOUN
blame,VERB
reward,NOUN
belly,NOUN
eggshell,NOUN
roast,VERB
again,ADV
glitter,VERB
people,NOUN
merry,NOUN
interrupt,VERB
trustfully,ADV
snap,VERB
halt,VERB
all,DET
magnificent,ADJ
forbid,VERB
dwell,VERB
gift,NOUN
vagabond,VERB
alm,NOUN
identify,VERB
wretchedly,ADV
handsomely,ADV
butter,VERB
same,ADJ
cask,NOUN
set,VERB
spring,VERB
once,SCONJ
hither,ADV
can,NOUN
request,NOUN
casket,NOUN
heap,VERB
tonight,NOUN
user,NOUN
grete,INTJ
sadder,ADJ
dame,NOUN
robbing,NOUN
enough,ADV
squire,NOUN
proofread,NOUN
sentence,VERB
reign,VERB
most,ADJ
-,ADJ
gown,NOUN
vexation,NOUN
shrewd,ADJ
poodle,NOUN
touch,VERB
gulp,NOUN
happiest,ADJ
sunrise,NOUN
put,VERB
strike,NOUN
assist,VERB
wrong,NOUN
overhung,ADJ
feast,VERB
delicious,ADJ
throughout,ADP
skull,NOUN
report,VERB
manager,NOUN
excite,VERB
broad,ADJ
or,CCONJ
uneasiness,NOUN
dear,ADJ
domain,NOUN
bacon,NOUN
twice,ADV
live,ADJ
pat,VERB
got,AUX
morrow,NOUN
thrush,ADJ
constable,ADJ
1.e.9,NOUN
faced,ADJ
hazel,NOUN
angry,ADJ
knife,NOUN
wear,NOUN
jug,NOUN
unprotected,ADJ
compliance,NOUN
strange,ADJ
hinge,NOUN
only,ADJ
speak,VERB
yearning,NOUN
ease,NOUN
been,AUX
ugh,INTJ
reader,NOUN
revenge,NOUN
boat,NOUN
crumb,NOUN
desert,VERB
midnight,NOUN
parlour,ADJ
cost,NOUN
fairly,ADV
wherein,ADV
turnip,NOUN
brown,NOUN
strong,ADJ
neighbourhood,NOUN
fulfilled,ADJ
lying,NOUN
wooer,NOUN
pool,NOUN
cross,NOUN
behold,ADJ
whenever,ADV
her,PRON
comfort,NOUN
proceed,NOUN
weep,VERB
command,NOUN
baron,NOUN
chop,VERB
beating,NOUN
lair,NOUN
hypertext,NOUN
pot,NOUN
frightened,ADJ
dwelling,NOUN
lathe,NOUN
darling,NOUN
chimney,NOUN
craftsman,NOUN
manikin,NOUN
awaken,VERB
gradually,ADV
castle,NOUN
proud,ADJ
kick,NOUN
myself,PRON
purple,ADJ
legged,ADJ
dream,NOUN
roguish,ADJ
pane,NOUN
puddle,NOUN
duke,NOUN
wherever,ADV
snip,VERB
bees’-n,ADJ
goal,NOUN
manage,VERB
bread,NOUN
love,VERB
nutshell,NOUN
windowframe,VERB
painter,NOUN
bidding,NOUN
prophesy,VERB
’m,VERB
duck,NOUN
pounce,VERB
direct,VERB
bolt,NOUN
shrill,ADJ
wither,VERB
booty,NOUN
inward,ADJ
lumber,NOUN
haired,ADJ
access,VERB
murderous,ADJ
property,NOUN
slave,NOUN
right,NOUN
approach,VERB
shift,VERB
dungeon,NOUN
dummling,NOUN
gaily,ADV
beast,NOUN
gracious,ADJ
haughty,ADJ
sang--,NOUN
meantime,NOUN
ste,VERB
employ,VERB
fearfully,ADV
tie,VERB
next,ADV
bridegroom,NOUN
situate,VERB
changed,ADJ
goodbye,NOUN
mass,NOUN
endure,VERB
dismal,ADJ
hawk,NOUN
bung,NOUN
calm,ADJ
believe,VERB
no,ADV
officer,NOUN
share,NOUN
working,NOUN
engrave,VERB
glimmer,NOUN
afraid,ADJ
whose,ADV
rid,VERB
clod,NOUN
finish,VERB
enough,ADJ
perch,NOUN
blow,NOUN
brooch,NOUN
stone,NOUN
seashore,NOUN
sharpen,VERB
unknown,ADJ
house,NOUN
deed,NOUN
laugh,NOUN
treatment,NOUN
went,AUX
must,AUX
latter,ADJ
display,VERB
pomp,NOUN
ransom,VERB
it,PRON
offer,VERB
shop,NOUN
recital,NOUN
nigh,NOUN
chance,NOUN
strangely,ADV
fool,VERB
persuade,VERB
thy,PRON
modestly,ADV
production,NOUN
peasant,NOUN
beauteous,ADJ
devour,ADJ
odd,ADJ
clothe,VERB
volunteer,NOUN
sweet,ADJ
hand,NOUN
leant,NOUN
gallop,NOUN
sweetly,ADV
unwilling,ADJ
fan,VERB
forest,NOUN
who,PRON
foot,VERB
piteously,ADV
gloomy,ADJ
grunt,VERB
crossway,NOUN
step,NOUN
method,NOUN
counsel,VERB
royal,ADJ
hollow,ADJ
handsome,ADJ
bawl,VERB
-,NOUN
hasten,VERB
mischief,NOUN
fine,ADV
charity,NOUN
near,ADV
o’clock,ADJ
stitch,NOUN
drive,VERB
slend,ADJ
overspread,ADJ
equal,ADJ
naughty,ADJ
coach,NOUN
aid,VERB
soon,ADV
dinner,NOUN
tremble,VERB
parson,NOUN
pluck,VERB
nestle,VERB
mount,NOUN
’,PART
slyly,NOUN
more,ADJ
ridge,NOUN
there,ADV
fault,NOUN
trifling,NOUN
right,INTJ
plain,ADJ
gazer,NOUN
cease,VERB
second,NOUN
show,VERB
comest,ADJ
change,VERB
milking,NOUN
caper,VERB
bloom,VERB
chapel,NOUN
brightness,NOUN
rumble,VERB
pin,NOUN
gross,ADJ
tree,NOUN
thrush,NOUN
thither,PRON
lack,NOUN
billow,NOUN
means,NOUN
pain,NOUN
additional,ADJ
leather,NOUN
sensible,ADJ
hear,VERB
pleasant,ADJ
disreputable,ADJ
downstairs,ADV
sorrowfully,ADV
dwelt,NOUN
drag,VERB
tilt,NOUN
may,AUX
foliage,NOUN
through,ADV
scissor,NOUN
sparkling,ADJ
disenchanted,ADJ
jingling,NOUN
parlour,NOUN
silently,ADV
assistance,NOUN
spangled,ADJ
brink,NOUN
pocketsful,ADJ
gravely,ADV
brass,NOUN
lamp,NOUN
any,DET
behold,NOUN
ceremony,NOUN
language,NOUN
accord,NOUN
dazzling,ADJ
ghost,NOUN
chest,NOUN
betrothed,ADJ
prettiest,ADJ
partnership,NOUN
bird,NOUN
thereupon,ADV
well,NOUN
moonlight,NOUN
contentedly,ADV
cheek,NOUN
close,ADJ
fill,NOUN
execute,VERB
mercy,NOUN
comical,ADJ
blood,NOUN
datum,NOUN
rusty,ADJ
voyage,NOUN
stride,VERB
stronger,ADJ
whu,VERB
remember,VERB
flap,VERB
intent,NOUN
’s,ADV
civil,ADJ
tablet,NOUN
aside,ADV
spin,VERB
midst,NOUN
ambassador,NOUN
warrior,NOUN
condemn,VERB
sheer,ADJ
rapunzel,ADJ
get,VERB
heartily,ADV
disposition,NOUN
reason,NOUN
servant,ADJ
early,ADV
kill,VERB
refresh,NOUN
earth,NOUN
overcome,VERB
befell,VERB
sin,NOUN
land,VERB
convey,VERB
produce,VERB
chanticleer,NOUN
craftily,ADV
fle,VERB
snail,NOUN
thicker,ADJ
leg,NOUN
brayed,NOUN
swam,VERB
halfway,ADV
rain,NOUN
waggoner,NOUN
butter,NOUN
child,NOUN
open,VERB
croaking,NOUN
enchanted,ADJ
cruelty,NOUN
ware,NOUN
misery,NOUN
everything,PRON
last,ADV
restriction,NOUN
ice,NOUN
they,PRON
entreaty,NOUN
shoe,NOUN
performing,NOUN
sentence,NOUN
wind,VERB
alone,ADV
deadly,ADJ
insignificant,ADJ
hanged,ADJ
none,NOUN
scrape,NOUN
start,VERB
befriend,VERB
widespread,ADJ
small,ADJ
status,NOUN
ninth,ADJ
utterly,ADV
direction,NOUN
delicate,ADJ
form,NOUN
last,VERB
entertained,ADJ
virtue,NOUN
snowflake,NOUN
spread,VERB
delightfully,ADV
weight,NOUN
feast,NOUN
knowledge,NOUN
lazily,ADV
nap,NOUN
wing,NOUN
overwhelmed,ADJ
thinking,NOUN
anvil,NOUN
fine,ADJ
near,ADJ
thank,NOUN
defect,NOUN
trim,ADJ
unconsumed,ADJ
assemble,VERB
carcase,NOUN
rider,NOUN
underneath,ADP
urchin,NOUN
another,DET
hay,NOUN
meagre,VERB
jacket,NOUN
render,VERB
wearer,NOUN
safer,ADJ
procure,VERB
slay,VERB
daintily,ADV
pause,VERB
trunk,NOUN
cool,VERB
beg,VERB
hail,VERB
repent,VERB
outdated,ADJ
fancy,VERB
version,NOUN
melancholy,ADJ
copying,NOUN
suspect,VERB
possible,ADJ
requirement,NOUN
boy,NOUN
gloomy,NOUN
dim,VERB
crush,VERB
sprint,VERB
dumpling,NOUN
please,INTJ
partner,NOUN
drown,VERB
opposition,NOUN
tire,VERB
you,PRON
limp,VERB
curiosity,NOUN
nearer,ADJ
bell,NOUN
describe,VERB
ourselves,PRON
relation,NOUN
burst,NOUN
cheap,ADJ
hunter,NOUN
guard,VERB
o’clock,NOUN
fish,VERB
an,DET
upper,ADJ
properly,ADV
depth,NOUN
compilation,NOUN
nightingale,NOUN
father,NOUN
consideration,NOUN
came,AUX
bench,NOUN
luckily,ADV
garland,NOUN
propose,VERB
excellence,NOUN
boiling,NOUN
appetite,NOUN
control,VERB
crosse,NOUN
after,ADP
bar,NOUN
married,ADJ
pride,NOUN
stipulate,VERB
hope,VERB
third,ADJ
friendly,ADJ
faith,NOUN
impatience,NOUN
bank,NOUN
warm,ADJ
ascend,VERB
turn,VERB
rod,NOUN
feeling,NOUN
drink,NOUN
ripest,ADJ
deliver,VERB
little,ADV
ecclesiastic,NOUN
hither,INTJ
click,VERB
disguise,VERB
mutter,VERB
rove,VERB
enter,VERB
deeper,ADV
stood,AUX
open,ADJ
spoiled,ADJ
mist,NOUN
whistling,NOUN
embassy,NOUN
sparkling,NOUN
inaccurate,ADJ
rim,NOUN
within,ADV
preserve,VERB
early,ADJ
check,NOUN
hurry,VERB
awoke,NOUN
’ll,AUX
several,ADJ
cook,VERB
injury,NOUN
desire,VERB
accessible,ADJ
turtle,NOUN
sparrow,NOUN
like,VERB
fell,VERB
place,VERB
betrothed,NOUN
twa,VERB
at,ADP
shall,AUX
bespoke,VERB
spoon,NOUN
horseback,NOUN
come,AUX
milk,VERB
could,AUX
thunder,NOUN
type,NOUN
groom,NOUN
chair,NOUN
alas,INTJ
upset,VERB
legally,ADV
delight,NOUN
dove,ADJ
army,NOUN
avarice,NOUN
height,NOUN
meet,VERB
puss,ADJ
study,NOUN
coming,NOUN
indirectly,ADV
threaten,VERB
try,VERB
rock,VERB
boy,INTJ
alone,ADJ
ruin,VERB
mercilessly,ADV
yellow,ADJ
bees’-nest,ADJ
wonder,NOUN
forest?--we,ADJ
charitable,ADJ
besides,ADV
lonely,ADJ
cold,ADJ
comfortably,ADV
coarse,ADV
prince,NOUN
pull,VERB
pudding,NOUN
angel,NOUN
disposed,ADJ
servant,NOUN
minute,ADJ
horribly,ADV
mail,NOUN
wretch,NOUN
brother,NOUN
send,VERB
thick,ADJ
aha,INTJ
whit,NOUN
variety,NOUN
gossip,NOUN
clothe,NOUN
ever,ADV
henceforth,ADV
like,ADP
follow,VERB
larger,ADJ
much,ADV
off,ADP
spoonful,ADJ
slippery,ADJ
sash,NOUN
dim,ADJ
very,ADV
shovel,NOUN
shirt,NOUN
to,PART
catch,VERB
provision,NOUN
counsel,NOUN
neither,ADV
pour,VERB
important,ADJ
bag,NOUN
hardest,ADJ
village,NOUN
about,ADP
murderer,NOUN
ingredient,NOUN
exclaim,VERB
regulate,VERB
pant,VERB
derive,VERB
entirely,ADV
decent,ADJ
order,NOUN
entice,VERB
down,ADV
hunt,NOUN
either,DET
rip,VERB
fishing,NOUN
vegetable,NOUN
jollily,ADV
fear,NOUN
remembrance,NOUN
earn,VERB
ferry,NOUN
thicket,NOUN
single,ADJ
indemnity,NOUN
below,ADV
stout,ADJ
illuminate,VERB
untie,VERB
foolish,ADJ
wretched,ADJ
croak,VERB
will,AUX
coolly,ADV
vein,NOUN
fiercely,ADV
error,NOUN
fun,NOUN
wiser,ADJ
solid,ADJ
flurry,NOUN
reverence,NOUN
urge,VERB
magnificently,ADV
cuffing,NOUN
cistern,NOUN
curse,NOUN
machine,NOUN
toss,VERB
girdle,NOUN
seem,VERB
top,ADV
half,ADV
south,ADJ
by,ADV
conscience,NOUN
retinue,NOUN
wave,VERB
rare,ADJ
yet,CCONJ
real,ADJ
lentil,NOUN
city,NOUN
nurse,NOUN
ready,ADJ
complain,VERB
skipping,NOUN
proclaim,VERB
care,NOUN
finer,ADJ
neighbour,ADJ
pancake,NOUN
spellbound,NOUN
crystal,NOUN
summon,VERB
better,VERB
’s,PRON
cheese,NOUN
hole,NOUN
fairest,ADJ
moist,ADJ
meddle,VERB
top,VERB
behaviour,NOUN
gale,NOUN
silence,VERB
apish,ADJ
egg,NOUN
cooking,NOUN
want,NOUN
replacement,NOUN
bone,NOUN
lay,VERB
stiff,ADJ
tongue,NOUN
threshold,NOUN
distribution,NOUN
muddy,ADJ
little,ADJ
sorrow,VERB
nearer,NOUN
resound,NOUN
inside,ADV
glove,NOUN
pinch,NOUN
unable,ADJ
stop,NOUN
careful,ADJ
undecided,ADJ
unanimously,ADV
untrue,ADJ
deeper,ADJ
mop,NOUN
roll,VERB
suddenly,ADV
size,NOUN
secondly,ADV
withered,ADJ
insolence,NOUN
perish,ADJ
trod,VERB
mishap,NOUN
wipe,VERB
foam,VERB
give,VERB
www.gutenberg.org,NOUN
outskirt,NOUN
insult,VERB
swiftly,ADV
carpenter,NOUN
celebrate,VERB
maid,VERB
procession,NOUN
altogether,ADV
ravens,NOUN
past,ADJ
by,ADP
shot,NOUN
greedily,ADV
originator,NOUN
him,PRON
washing,NOUN
third,NOUN
count,VERB
history,NOUN
thousand,NOUN
tempt,VERB
fry,VERB
fleecy,NOUN
cloth,NOUN
re,VERB
breeze,NOUN
chat,NOUN
conscious,ADJ
leave,VERB
reading,NOUN
notify,VERB
roasted,ADJ
directly,ADV
messenger,NOUN
trial,NOUN
toadstool,VERB
swam,NOUN
scratch,VERB
stable,ADJ
greenwood,ADJ
sorcerer,NOUN
broomstick,NOUN
bestow,VERB
german,ADJ
instead,ADV
peep,VERB
figure,NOUN
thread,NOUN
redistribution,NOUN
sugarloaf,NOUN
chirp,VERB
stream,VERB
ropemaker,NOUN
slowly,ADV
many,DET
merriment,NOUN
inside,ADP
golden,NOUN
younger,ADJ
aim,NOUN
group,NOUN
respectable,ADJ
thyself,PRON
throat,NOUN
short,ADV
whoever,PRON
miserable,ADJ
very,ADJ
hangman,NOUN
droll,NOUN
wondrous,ADJ
arise,VERB
commander,NOUN
stately,ADJ
i,PRON
dove,NOUN
sock,NOUN
perfectly,ADV
conceive,VERB
boastfully,ADV
spot,NOUN
spruce,VERB
loosen,VERB
high,ADV
week,NOUN
spit,NOUN
kiss,NOUN
expedient,NOUN
trick,VERB
rag,NOUN
profit,ADJ
why,ADV
hearse,NOUN
trust,VERB
soup,NOUN
available,ADJ
rue,VERB
chestnut,ADJ
proposition,NOUN
oak,NOUN
grandson,NOUN
beside,ADP
terrify,VERB
cold,NOUN
work,NOUN
wisest,ADJ
shepherd,NOUN
dolefully,ADV
story,NOUN
claws,NOUN
minute,NOUN
uneasy,ADJ
wedge,NOUN
download,VERB
blaze,VERB
fate,NOUN
pretty,ADJ
lift,VERB
innocence,NOUN
frighten,VERB
necklace,NOUN
near,SCONJ
reasonable,ADJ
remedy,NOUN
top,ADJ
half,ADJ
force,VERB
heaven,NOUN
faithfully,ADV
point,VERB
hostess,NOUN
dangerous,ADJ
unlock,VERB
swimming,NOUN
torment,VERB
alter,VERB
he,PRON
pea,NOUN
brood,NOUN
view,NOUN
fowl,NOUN
literary,ADJ
going,NOUN
read,VERB
jump,VERB
stormy,ADJ
smart,ADJ
grete,VERB
problem,NOUN
upstairs,ADV
willing,ADJ
elect,VERB
escape,VERB
haughtily,ADV
say,NOUN
might,NOUN
easily,ADV
destroy,VERB
civilly,ADV
net,NOUN
thunderstorm,NOUN
especially,ADV
jack,NOUN
amidst,ADP
byway,NOUN
miss,VERB
incomplete,ADJ
bray,VERB
throne,NOUN
heath,NOUN
watch,NOUN
opposite,ADP
intention,NOUN
fit,VERB
gold,NOUN
pebble,ADJ
did,AUX
dish,NOUN
onwards,ADV
aloud,ADV
resemble,VERB
south,NOUN
dishearten,VERB
exception,NOUN
weave,VERB
inspect,VERB
yard,NOUN
glee,NOUN
accident,NOUN
relent,VERB
swan,NOUN
circle,VERB
swim,VERB
neighbour,NOUN
festival,NOUN
promotion,NOUN
dare,AUX
clog,NOUN
snare,NOUN
wheelbarrow,NOUN
fairest,NOUN
pertain,VERB
pitiful,ADJ
oblige,VERB
serious,ADJ
intellectual,ADJ
compress,VERB
explain,VERB
further,ADJ
visit,VERB
scald,VERB
remorse,NOUN
grisly,ADV
hurry,NOUN
these,DET
troublesome,ADJ
ray,NOUN
walk,NOUN
whom,PRON
plash,NOUN
bosom,NOUN
desire,NOUN
unfasten,VERB
wheel,NOUN
false,ADJ
bucketful,ADJ
compel,VERB
savagely,ADV
carefully,ADV
dearly,ADV
beloved,ADJ
disclaimer,NOUN
chin,NOUN
sackful,NOUN
smoke,VERB
sum,NOUN
taste,VERB
poisoned,ADJ
angrily,ADV
consent,VERB
time,NOUN
wicked,ADJ
moon,NOUN
reward,VERB
presently,ADV
dowry,NOUN
chafe,VERB
dictionary,NOUN
seat,NOUN
official,ADJ
gudgeon,NOUN
dangerously,ADV
money,NOUN
wasteful,ADJ
international,ADJ
cut,NOUN
return,NOUN
merry,VERB
between,ADP
wilt,NOUN
snort,VERB
tenderly,ADV
since,ADV
plume,NOUN
treachery,NOUN
cinder,NOUN
christen,VERB
donate,NOUN
sprout,VERB
such,DET
pink,NOUN
drop,VERB
roaring,ADJ
high,ADJ
quite,DET
website,NOUN
dawn,NOUN
slut,NOUN
godchild,NOUN
demand,VERB
scatter,VERB
clack,NOUN
fireplace,NOUN
homesick,ADJ
evening,NOUN
usual,ADJ
likewise,ADV
mission,NOUN
coxcomb,VERB
lamb,NOUN
evil,NOUN
awkward,ADJ
original,ADJ
constant,ADJ
strike,VERB
computer,NOUN
interpret,VERB
tell,VERB
boot,NOUN
ween,NOUN
lose,VERB
make,VERB
assign,VERB
blessing,NOUN
tiresome,ADJ
daily,ADJ
consult,VERB
stepmother,NOUN
paltry,NOUN
full,ADJ
foreign,ADJ
sugar,NOUN
whatever,PRON
finger,NOUN
easy,ADJ
abide,VERB
curtsy,VERB
include,VERB
convert,VERB
richer,ADJ
oxen,NOUN
croak,NOUN
enable,VERB
chaffinch,NOUN
profit,NOUN
1.e.9,VERB
we,PRON
innocent,ADJ
intertwine,VERB
farthing,NOUN
contact,NOUN
wear,VERB
upstairs,ADJ
exclusion,NOUN
empty,ADJ
bitter,ADJ
weighty,ADJ
errand,NOUN
accordingly,ADV
wave,NOUN
grace,NOUN
bigger,ADJ
am,AUX
write,VERB
trampling,NOUN
favour,NOUN
hardly,ADV
palace,NOUN
cost,VERB
bravery,NOUN
brown,VERB
grasp,VERB
bridle,NOUN
hop,INTJ
trumpet,NOUN
silk,NOUN
cross,VERB
luck,NOUN
unkindly,ADV
comb’d,X
comb,NOUN
deceive,VERB
comfort,VERB
villain,NOUN
command,VERB
soul,NOUN
half,NOUN
pack,VERB
iron,NOUN
wishing,NOUN
skin,NOUN
crown,NOUN
heir,ADJ
copse,NOUN
nutshell,ADV
left,ADJ
adventure,NOUN
pursuit,NOUN
shell,NOUN
arrogance,NOUN
rise,VERB
giant,NOUN
yonder,NOUN
ounce,NOUN
troubled,ADJ
scornfully,ADV
kick,VERB
dream,VERB
hug,VERB
pleasure,NOUN
clear,ADJ
churchyard,NOUN
fee,NOUN
dry,VERB
mantle,NOUN
baste,VERB
future,ADJ
lady,NOUN
hedge,NOUN
attract,VERB
right,ADV
keeping,NOUN
stuck,NOUN
link,NOUN
rack,NOUN
pleasantly,ADV
flock,NOUN
answer,NOUN
fare,NOUN
whence,NOUN
berry,NOUN
meantime,ADV
kingdom,NOUN
although,SCONJ
solicit,VERB
resolve,VERB
bolt,VERB
1.e.1,NOUN
pebble,NOUN
accordance,NOUN
bewitch,VERB
cabbage,NOUN
whereupon,NOUN
sow,VERB
grave,NOUN
coal,NOUN
network,NOUN
end,NOUN
sharp,ADJ
hastily,ADV
homeward,NOUN
thoroughly,ADV
count,NOUN
borrow,VERB
copy,VERB
tiresome!--so,ADJ
thing,NOUN
scold,VERB
paw,NOUN
source,NOUN
freely,ADV
surprised,ADJ
betroth,VERB
await,VERB
famine,NOUN
square,VERB
observe,VERB
base,VERB
above,ADP
uniform,ADJ
frozen,ADJ
dearest,NOUN
quack,VERB
frame,NOUN
register,VERB
fairer,ADJ
nothing,PRON
die,NOUN
wrong,ADJ
snowdrop,NOUN
perch,VERB
blow,VERB
fright,ADJ
rumpelstiltskin,NOUN
hump,NOUN
tooth,NOUN
besides,SCONJ
curl’d,VERB
forester,NOUN
whole,ADJ
modification,NOUN
twinkling,NOUN
state,NOUN
bedroom,NOUN
here,ADV
chance,VERB
tress,NOUN
living,NOUN
couch,NOUN
favourite,ADJ
behind,ADV
poor,ADJ
sadly,ADV
trick,NOUN
path,NOUN
courtyard,NOUN
nimble,ADJ
merciful,ADJ
hornet,NOUN
round,ADJ
appease,VERB
1.e.5,NOUN
situation,NOUN
font,NOUN
hen,NOUN
lament,NOUN
hand,VERB
shrub,NOUN
gallop,VERB
thou,NOUN
bind,NOUN
unlucky,ADJ
teach,VERB
overrun,VERB
envy,NOUN
smooth,VERB
famous,ADJ
swear,VERB
ply,VERB
step,VERB
representation,NOUN
fret,VERB
rap,VERB
wood,NOUN
brown,ADJ
soft,ADJ
thaw,VERB
essential,ADJ
arm,NOUN
replace,VERB
spiteful,ADJ
lift,NOUN
robbery,NOUN
news,NOUN
crevice,NOUN
bridge,NOUN
apron,NOUN
www.gutenberg.org/donate,NOUN
bold,ADJ
their,PRON
journey,NOUN
-,VERB
liking,NOUN
ebook,NOUN
newly,ADV
enjoy,VERB
point,NOUN
military,ADJ
water,NOUN
concerned,ADJ
excuse,NOUN
blossom,NOUN
woman,NOUN
handle,VERB
smite,VERB
turning,NOUN
depend,VERB
decision,NOUN
mount,VERB
wide,ADJ
gentleman,NOUN
forefeet,NOUN
food,NOUN
ripe,ADJ
spindle,ADJ
fourth,ADJ
dismay,NOUN
ahead,ADV
lend,VERB
nostril,NOUN
purest,ADJ
lot,NOUN
curl,NOUN
enrage,VERB
cupboard,NOUN
juniper,NOUN
steak,NOUN
scolding,NOUN
thief,NOUN
ear,NOUN
abashed,ADJ
least,ADJ
scorn,VERB
has,AUX
forgive,VERB
board,NOUN
deal,NOUN
smell,NOUN
away,ADV
peel,VERB
baker,NOUN
kinsman,NOUN
until,ADP
donor,NOUN
song,NOUN
sadness,NOUN
cake,NOUN
well,ADV
waistcoat,NOUN
successfully,ADV
flutter,VERB
sooner,ADV
moss,NOUN
space,NOUN
rustling,NOUN
gorge,VERB
trip,NOUN
expatiate,VERB
pray,VERB
circle,NOUN
root,NOUN
attend,VERB
flour,NOUN
nobleman,NOUN
behold,VERB
let,AUX
cultural,ADJ
furnish,VERB
brightly,ADV
senseless,ADJ
heart,NOUN
body,NOUN
choke,VERB
ashore,ADV
constraint,NOUN
dummle,VERB
misfortune,NOUN
clap,VERB
map,NOUN
hide,VERB
how,ADV
heir,NOUN
extent,NOUN
around,ADP
thither,ADV
left,NOUN
us,PRON
church,NOUN
please,VERB
face,NOUN
blow,ADJ
certain,ADJ
conduct,VERB
hearted,ADJ
sing,VERB
lest,ADP
farmer,NOUN
dog,NOUN
smoke,NOUN
future,NOUN
standing,NOUN
jorindel,VERB
swell,VERB
renowned,ADJ
sultan,NOUN
blue,ADJ
fiery,ADJ
idle,ADJ
consent,NOUN
bear,VERB
granite,NOUN
unhappily,ADV
cousin,NOUN
listen,VERB
alarmed,ADJ
refresh,VERB
quickly,ADV
beware,VERB
prettier,ADJ
oven,ADJ
coast,NOUN
exactly,ADV
parch,VERB
lodge,VERB
feasted,ADJ
eagerly,ADV
deserve,VERB
delightful,ADJ
combing,NOUN
finest,ADJ
hiding,NOUN
rain,VERB
meadow,NOUN
hazardous,ADJ
smooth,ADJ
stag,NOUN
stall,NOUN
snarl,VERB
drop,NOUN
footed,ADJ
necessarily,ADV
dough,NOUN
belabour,VERB
ring,NOUN
grief,NOUN
miraculous,ADJ
briskly,ADV
dazzle,VERB
pope,NOUN
dunghill,NOUN
gnat,NOUN
demand,NOUN
objection,NOUN
rule,VERB
unhappy,ADJ
text,NOUN
mistaken,ADJ
sound,VERB
key,NOUN
beautifully,ADV
tumble,VERB
three,NOUN
grove,NOUN
form,VERB
whir,VERB
sweeping,ADJ
credit,NOUN
fright,NOUN
master,NOUN
joint,NOUN
condition,NOUN
active,ADJ
lake,NOUN
join,VERB
queer,NOUN
torch,NOUN
hobgoblin,NOUN
chamber,NOUN
hunting,NOUN
wing,VERB
ham,NOUN
already,ADV
heel,NOUN
back,NOUN
whole,NOUN
thank,VERB
o’er,NOUN
second,ADJ
withstand,VERB
wooden,ADJ
silvery,ADJ
inquire,VERB
whisper,VERB
bad,ADJ
livelihood,NOUN
joyful,ADJ
urchin,VERB
footing,NOUN
late,ADV
pity,NOUN
never,ADV
round,NOUN
astonish,VERB
devour,VERB
trusty,ADJ
lighthearte,VERB
any,ADV
shrivel,VERB
dirt,NOUN
stove,NOUN
affect,VERB
market,NOUN
have,AUX
reply,NOUN
cheerful,ADJ
rude,ADJ
prohibition,NOUN
elf,NOUN
eld,ADJ
ragamuffin,VERB
frontispiece,NOUN
whither,NOUN
tone,NOUN
fast,ADV
more,ADV
jumping,NOUN
event,NOUN
burst,VERB
hatchet,NOUN
lustily,ADV
continually,ADV
stare,VERB
vain,ADJ
unbolt,VERB
well,ADJ
fox,NOUN
credential,NOUN
weather,NOUN
equal,VERB
liquid,NOUN
motionless,NOUN
joyously,ADV
shudder,NOUN
serve,VERB
oppose,VERB
clothing,NOUN
diligent,ADJ
bench,VERB
circulate,VERB
fast,VERB
movement,NOUN
till,VERB
spindle,NOUN
fourth,NOUN
token,ADJ
inherit,VERB
wrap,VERB
valour,NOUN
readily,ADV
email,NOUN
lid,NOUN
’re,VERB
armour,NOUN
are,AUX
captain,NOUN
transcription,NOUN
draw,VERB
lighthearted,ADJ
guess,VERB
doo,NOUN
word,NOUN
ail,VERB
unluckily,ADV
oh,INTJ
slip,VERB
comer,NOUN
cord,NOUN
drink,VERB
geese,ADJ
plunge,VERB
arrange,NOUN
yoke,VERB
pop,VERB
wert,NOUN
glad,ADJ
under,ADP
sew,VERB
boon,NOUN
forlorn,ADJ
dreadful,ADJ
friend,NOUN
search,NOUN
grow,VERB
close,ADV
limb,NOUN
unless,SCONJ
impossible,ADJ
copy,NOUN
check,VERB
appear,VERB
hence,ADV
carelessness,NOUN
plot,NOUN
really,ADV
rear,VERB
outside,NOUN
renew,VERB
hum,VERB
swamp,VERB
reach,NOUN
broom,NOUN
screw,NOUN
hast,NOUN
stealer,NOUN
impatient,ADJ
screaming,NOUN
and,CCONJ
neck,NOUN
sound,ADJ
close,VERB
nay,INTJ
bearer,NOUN
delight,VERB
carelessly,ADV
landmark,NOUN
corner,NOUN
heard,NOUN
provide,VERB
study,VERB
deepest,ADJ
handsomest,ADJ
husband,NOUN
since,SCONJ
overset,VERB
restore,VERB
physical,ADJ
freeze,VERB
wonder,VERB
difficult,ADJ
politely,ADV
fetched,ADJ
regard,VERB
elder,NOUN
rage,NOUN
idle,NOUN
resting,NOUN
splendour,NOUN
wine,NOUN
being,AUX
kindly,ADV
ca,AUX
wretch,VERB
woe,NOUN
grim,ADJ
pioneer,NOUN
gladness,NOUN
fatigue,NOUN
fifteenth,NOUN
oven,NOUN
dig,X
rapidity,NOUN
tale,NOUN
sweat,NOUN
dress,VERB
young,ADJ
scream,NOUN
hearth,NOUN
madam,NOUN
upon,SCONJ
long,ADV
fir,NOUN
amid,ADP
play,NOUN
lead,VERB
scarlet,ADJ
this,DET
refuse,VERB
supper,NOUN
smack,VERB
frolick’d,NOUN
copyright,NOUN
late,ADJ
yours,PRON
ho,ADJ
dumb,ADJ
in,ADV
trade,NOUN
track,NOUN
louder,ADV
sudden,ADJ
so,ADV
present,ADJ
crow,NOUN
trademark,NOUN
order,VERB
neigh,NOUN
pear,NOUN
hunt,VERB
long,VERB
sword,NOUN
fatten,VERB
thorn,NOUN
accidentally,ADV
eventide,NOUN
fear,VERB
proprietary,ADJ
violate,VERB
proper,ADJ
successive,ADJ
afar,ADV
mouth,NOUN
indeed,ADV
’m,AUX
afterwards,ADV
tusk,NOUN
clever,ADJ
part,NOUN
admire,VERB
appoint,VERB
fast,ADJ
minutest,ADJ
breast,NOUN
comforted,ADJ
float,NOUN
agreement,NOUN
b,NOUN
kind,ADV
translation,NOUN
curse,VERB
equip,VERB
ladder,NOUN
buffeting,NOUN
gate,NOUN
clock,NOUN
silvery,NOUN
brushwood,NOUN
whip,NOUN
ground,NOUN
sneer,VERB
wanderer,NOUN
silent,ADJ
bale,VERB
practically,ADV
bedtime,NOUN
button,NOUN
manner,NOUN
hick,ADJ
way,NOUN
goodbye,INTJ
lightning,NOUN
spy,VERB
industry,NOUN
nearer,ADV
surface,NOUN
care,VERB
fortune,NOUN
besmear,VERB
denounce,VERB
rustle,VERB
raise,VERB
forwards,ADV
suspicious,ADJ
loose,ADJ
cur,NOUN
brighten,VERB
want,VERB
meat,NOUN
happy,ADJ
fuel,NOUN
payment,NOUN
prettily,ADV
straiten,VERB
sausage,NOUN
mumble,VERB
in,ADP
station,VERB
club,NOUN
home,NOUN
pinch,VERB
pelt,VERB
countryman,NOUN
plump,ADJ
stop,VERB
away,NOUN
load,NOUN
wail,VERB
disturb,VERB
gave,VERB
beef,NOUN
commercial,ADJ
vain,NOUN
pound,NOUN
tease,VERB
tax,NOUN
endless,ADJ
rarest,ADJ
rough,ADJ
sitting,NOUN
dearth,NOUN
holle,NOUN
morning,NOUN
sty,NOUN
rogue,NOUN
towel,NOUN
undress,VERB
sand,NOUN
shrink,VERB
bolder,ADJ
gnaw,NOUN
sheep,NOUN
seal,VERB
lord,NOUN
savage,NOUN
token,NOUN
impose,VERB
horror,NOUN
become,VERB
cursed,ADJ
e,NOUN
birch,NOUN
joyfully,ADV
stepsister,NOUN
rob,VERB
twice,DET
anoint,VERB
gang,ADJ
hatch,VERB
as,ADV
bear,NOUN
pantaloon,NOUN
crawl,VERB
rattle,VERB
bleat,VERB
immense,ADJ
warm,VERB
large,ADJ
concert,NOUN
chat,VERB
shiver,VERB
mighty,ADJ
announce,VERB
’s,VERB
disgust,VERB
adopt,VERB
pointed,ADJ
tired,ADJ
know,VERB
post,VERB
confirm,VERB
declare,VERB
not,PART
find,VERB
through,ADP
either,ADV
singer,NOUN
meaning,NOUN
cutting,NOUN
thoughtful,ADJ
bottle,NOUN
apple,NOUN
travelling,NOUN
purse,NOUN
due,ADP
dismissal,NOUN
astonished,ADJ
aim,VERB
shout,VERB
notice,NOUN
rule,NOUN
company,NOUN
chandelier,NOUN
ducat,NOUN
concept,NOUN
long,ADJ
tailor,NOUN
fountain,NOUN
lace,NOUN
spell,NOUN
sound,NOUN
fifth,ADJ
shine,VERB
overflow,VERB
haunted,ADJ
dance,VERB
tumble,NOUN
dove,VERB
drawer,NOUN
briskly,NOUN
haste,NOUN
confirmation,NOUN
tower,NOUN
distance,NOUN
considerably,ADV
cheerfully,ADV
court,NOUN
flower,NOUN
kiss,VERB
pigeon,NOUN
divine,ADJ
earl,NOUN
protect,VERB
faint,VERB
roe,NOUN
marry,VERB
aside,ADP
expect,VERB
ridicule,VERB
call,NOUN
work,VERB
hut,NOUN
disappear,VERB
sparkle,VERB
suppose,VERB
red,ADJ
loft,ADJ
was,AUX
blazing,NOUN
password,NOUN
fate,VERB
retire,VERB
lamentation,NOUN
well,INTJ
peril,NOUN
jewel,NOUN
month,NOUN
best,ADV
shower,NOUN
mischance,NOUN
kind,ADJ
krr,NOUN
burn,VERB
green,ADJ
scoundrel,NOUN
greediness,NOUN
the,DET
overtake,VERB
derry,NOUN
hadst,ADP
counteract,VERB
admit,VERB
searcher,ADV
descend,VERB
carve,VERB
defend,VERB
view,VERB
corn,NOUN
grindstone,NOUN
attendance,NOUN
present,NOUN
echo,VERB
where,ADV
dared,AUX
spray,NOUN
ha,INTJ
awful,ADJ
herself,PRON
quench,VERB
no,DET
today,NOUN
get,AUX
say,VERB
badly,ADV
sleep,VERB
indemnify,VERB
advance,VERB
web,NOUN
peace,NOUN
helmet,NOUN
penny,NOUN
lurch,NOUN
butterfly,NOUN
robber,NOUN
shoulder,NOUN
field,NOUN
before,ADV
claw,NOUN
watch,VERB
death,NOUN
warn,VERB
deliverer,NOUN
location,NOUN
laden,ADJ
across,ADV
roof,NOUN
verily,ADV
judge,VERB
bury,VERB
queen,ADJ
comely,ADV
licking,ADJ
hick,NOUN
cat,NOUN
ribbon,NOUN
surprise,VERB
reel,VERB
bethought,VERB
folly,NOUN
dirty,ADJ
ass,NOUN
beneath,ADV
despise,VERB
bruise,VERB
promise,NOUN
pincer,NOUN
go,VERB
winter,NOUN
creature,NOUN
tread,VERB
"certain,--i",NOUN
dainty,ADJ
owner,NOUN
grain,NOUN
eldest,ADJ
thirst,NOUN
lucky,ADJ
toe,NOUN
cover,VERB
mightily,ADV
miser,NOUN
sugarloaf,ADJ
walk,VERB
golden,ADJ
hard,ADJ
sea,NOUN
plump,NOUN
firewood,ADJ
still,ADV
then,ADV
lump,NOUN
unto,ADP
hop,VERB
prepare,VERB
pleased,ADJ
raspberry,NOUN
prisoner,NOUN
dost,X
exempt,ADJ
swarm,VERB
everybody,PRON
office,NOUN
vermin,NOUN
wonderful,ADJ
tangle,VERB
sift,VERB
that,DET
perish,VERB
ashe,NOUN
seat,VERB
leap,NOUN
grandfather,NOUN
tap,NOUN
reckoning,NOUN
silly,ADJ
nevertheless,ADV
cut,VERB
return,VERB
sulky,NOUN
joy,NOUN
advantage,NOUN
wilt,VERB
writing,NOUN
me,PRON
satisfied,ADJ
filthy,ADJ
feeble,ADJ
need,AUX
everywhere,ADV
king,NOUN
stumble,NOUN
betook,VERB
undisturbed,ADJ
quiet,VERB
terribly,ADV
gang,NOUN
shepherd,ADJ
donate,VERB
difficulty,NOUN
whistle,VERB
bless,VERB
soldier,NOUN
gently,ADV
handsomer,ADJ
bright,ADJ
gloom,NOUN
gather,VERB
tiny,ADJ
mournfully,ADV
good,NOUN
synonymous,ADJ
dark,ADJ
dress,NOUN
fastest,ADV
dawn,VERB
sunbeam,NOUN
danger,NOUN
daughter,NOUN
flight,NOUN
imagine,VERB
linger,VERB
noise,NOUN
seed,NOUN
for,ADP
within,ADP
meeting,NOUN
greater,ADJ
climb,VERB
special,ADJ
quality,NOUN
air,NOUN
butcher,NOUN
row,VERB
had,AUX
best,ADJ
cause,NOUN
rampion,NOUN
consecrated,ADJ
edition,NOUN
sprawl,VERB
hood,NOUN
street,NOUN
clerk,NOUN
outer,ADJ
obedient,ADJ
organize,VERB
marshal,NOUN
pg,NOUN
mark,NOUN
undo,VERB
spacious,ADJ
entity,NOUN
govern,VERB
remove,VERB
rascally,ADJ
mourn,VERB
pretty,ADV
fewer,ADJ
here?--speak,VERB
flake,NOUN
actually,ADV
1.e.7,NOUN
tiled,ADJ
gold,ADJ
reproach,VERB
hungry,ADJ
creep,NOUN
finally,ADV
spinning,NOUN
lick,VERB
plenty,NOUN
han,NOUN
quietly,ADV
fickle,ADJ
anxious,ADJ
stranger,NOUN
content,NOUN
loft,NOUN
red,NOUN
beat,VERB
richly,ADV
spy,NOUN
favour,VERB
till,SCONJ
hereupon,ADV
ambush,NOUN
kind,NOUN
christening,NOUN
individual,ADJ
briar,ADJ
green,NOUN
range,VERB
comb,VERB
comrade,NOUN
hark,NOUN
merrily,ADV
cock,NOUN
trance,NOUN
table,NOUN
plan,NOUN
bite,NOUN
indoor,NOUN
fellow,VERB
miau,NOUN
leapt,VERB
influence,VERB
woo,VERB
beheld,ADJ
heat,NOUN
walking,NOUN
hinder,VERB
linen,NOUN
crown,VERB
bark,NOUN
broken,ADJ
rush,VERB
many,ADJ
whirlwind,NOUN
whence,ADV
addition,NOUN
unharmed,ADJ
down,ADP
surround,VERB
flee,VERB
opportunity,NOUN
strew,VERB
holder,NOUN
hare,NOUN
lie,VERB
pan,NOUN
except,SCONJ
1.f.6,NOUN
however,ADV
trifle,NOUN
below,ADP
marsh,NOUN
venomous,ADJ
pay,NOUN
with,ADP
juiciest,NOUN
swing,VERB
link,VERB
nickname,NOUN
roadside,NOUN
majesty,NOUN
answer,VERB
parent,NOUN
maiden,NOUN
twilight,NOUN
fare,VERB
reed,NOUN
lion,NOUN
shin,ADJ
paperwork,NOUN
_,PRON
clung,ADJ
bond,NOUN
strangle,VERB
1.e.1,VERB
sniff,VERB
worse,ADV
dew,NOUN
punishment,NOUN
devil,NOUN
acquaintance,NOUN
certainly,ADV
quiet,ADJ
chalk,NOUN
prick,NOUN
rick,NOUN
doctor,NOUN
end,VERB
queen,NOUN
seaside,NOUN
mistress,NOUN
having,AUX
further,ADV
bridal,ADJ
particular,ADJ
mountain,NOUN
joke,NOUN
array,NOUN
would,AUX
indicate,VERB
owe,VERB
earning,NOUN
pale,ADJ
dirty,NOUN
vow,VERB
singing,NOUN
wake,VERB
maximum,ADJ
party,NOUN
illustration,NOUN
ala,NOUN
pail,NOUN
friendship,NOUN
dainty,NOUN
as,NOUN
plague,NOUN
besought,VERB
hush,NOUN
evil,ADJ
attempt,VERB
cellar,ADJ
rub,VERB
repose,NOUN
naught,NOUN
millstone,NOUN
die,VERB
treat,NOUN
familiar,ADJ
shout,NOUN
jailer,NOUN
cure,NOUN
suckle,VERB
skilful,ADJ
thirteenth,ADJ
boldly,ADV
entangle,VERB
willow,NOUN
glare,VERB
fair,ADJ
sail,VERB
gain,NOUN
clumsily,ADV
highway,NOUN
hasty,ADJ
dance,NOUN
emperor,NOUN
embroider,VERB
dislike,VERB
thrice,NOUN
fit,ADJ
facility,NOUN
_,NOUN
mockingly,ADV
fury,NOUN
whet,VERB
sat,AUX
pronounce,VERB
waste,NOUN
whosoever,NOUN
plate,NOUN
magical,ADJ
bewail,VERB
voice,NOUN
lament,VERB
occasion,NOUN
mill,NOUN
electronically,ADV
bind,VERB
beauty,NOUN
velvet,NOUN
taller,ADJ
harm,VERB
spilt,NOUN
each,DET
sharply,ADV
envy,VERB
hob,NOUN
license,VERB
cap,NOUN
transformation,NOUN
so,SCONJ
succeed,VERB
betime,NOUN
dark,NOUN
bethink,VERB
than,SCONJ
seek,VERB
weigh,VERB
widow,NOUN
loin,NOUN
moan,VERB
longer,ADJ
dread,VERB
stair,NOUN
journey,VERB
suit,NOUN
wild,ADJ
daily,ADV
ebook,VERB
sole,ADJ
slaughter,NOUN
hack,NOUN
water,VERB
nonsense,NOUN
compassion,NOUN
excuse,VERB
grand,ADJ
name,VERB
monster,NOUN
mix,VERB
descend,NOUN
financial,ADJ
heavier,ADJ
meal,NOUN
shave,VERB
giant,ADJ
fame,VERB
few,ADJ
queen,INTJ
repeat,VERB
bound,VERB
inclination,NOUN
pace,NOUN
trinket,NOUN
common,ADJ
dart,VERB
prudently,ADV
curl,VERB
sleep,NOUN
come,NOUN
coin,NOUN
ant,ADJ
braided,ADJ
safe,ADJ
cry,NOUN
healthy,ADJ
principal,ADJ
darker,ADJ
section,NOUN
countless,ADJ
mile,NOUN
natural,ADJ
enemy,NOUN
clearly,ADV
smell,VERB
deal,VERB
betake,VERB
cabin,NOUN
empty,VERB
clatter,NOUN
grave,ADJ
require,VERB
during,ADP
intend,VERB
storm,NOUN
judge,NOUN
experience,NOUN
material,NOUN
advice,NOUN
such,ADJ
trip,VERB
be,VERB
fruit,NOUN
bobbin,NOUN
quite,ADJ
possess,VERB
housework,NOUN
publish,VERB
me!--my,NOUN
worse,ADJ
tight,ADJ
over,ADV
scour,VERB
tread,NOUN
dearest,ADJ
fulfil,VERB
stepdaughter,NOUN
instantly,ADV
forth,ADV
cover,NOUN
spirit,NOUN
bucket,NOUN
hit,NOUN
prithee,NOUN
them,PRON
shelf,NOUN
cobbler,NOUN
polished,ADJ
secure,ADJ
even,ADV
solitude,NOUN
asleep,ADJ
whosoever,INTJ
educational,ADJ
determine,VERB
vinegar,NOUN
face,VERB
attention,NOUN
feed,VERB
what,DET
crutch,NOUN
lass,NOUN
remark,NOUN
clear,VERB
affair,NOUN
thence,NOUN
beautiful,ADJ
star,NOUN
amusement,NOUN
hairy,ADJ
shore,NOUN
poverty,NOUN
thine,ADJ
pure,ADJ
every,DET
[,X
fresh,ADJ
godmother,NOUN
stool,NOUN
cleverness,NOUN
bill,NOUN
will,NOUN
proof,NOUN
thou,ADJ
grieve,VERB
calf,NOUN
look,VERB
statement,NOUN
forward,ADV
youth,NOUN
particular,NOUN
slender,ADJ
mock,VERB
dumple,VERB
ring,VERB
slice,NOUN
former,ADJ
pale,NOUN
critical,ADJ
country,NOUN
trough,NOUN
pope,VERB
accuse,VERB
cart,NOUN
sharpening,NOUN
off,NOUN
foretell,VERB
back,ADV
drunken,ADJ
saddle,NOUN
employee,NOUN
goose,NOUN
cellar,NOUN
universally,ADV
parted,ADJ
farmyard,NOUN
honourable,ADJ
skein,NOUN
grove,VERB
beyond,ADP
row,NOUN
knee,NOUN
round,ADV
noble,VERB
hoe,NOUN
chase,NOUN
priest,NOUN
sale,NOUN
worth,ADJ
mason,NOUN
wife,NOUN
fair,NOUN
back,VERB
hang,VERB
mouthful,ADJ
low,ADJ
midday,NOUN
move,VERB
hearken,VERB
hitherto,VERB
latch,NOUN
round,VERB
pity,VERB
shopkeeper,NOUN
ask,VERB
on,ADV
strength,NOUN
struggle,VERB
spend,VERB
game,NOUN
powerful,ADJ
flow,VERB
filled,ADJ
gore,VERB
sunshine,NOUN
reply,VERB
somebody,PRON
troop,NOUN
goat,NOUN
speech,NOUN
waddle,VERB
braid,NOUN
clean,ADJ
closet,NOUN
accomplish,VERB
cleaner,ADJ
follower,NOUN
huge,ADJ
eat,VERB
separate,VERB
wealth,NOUN
puff,VERB
first,ADV
soothe,VERB
himself,PRON
concern,VERB
spill,NOUN
whither,VERB
griffin,NOUN
recognize,VERB
create,VERB
prayer,NOUN
wide,ADV
subject,ADJ
thee,PRON
alteration,NOUN
satisfy,VERB
snow,NOUN
snug,ADJ
fellow,NOUN
witch,NOUN
bid,VERB
enchantress,NOUN
torn,ADJ
goblet,NOUN
somewhere,ADV
grand,NOUN
seize,VERB
thought,NOUN
butler,NOUN
stick,VERB
patient,NOUN
bough,NOUN
shudder,VERB
lovelier,NOUN
rush,NOUN
round,ADP
law,NOUN
jeer,VERB
uncouth,ADJ
periodic,ADJ
bushy,ADJ
contribution,NOUN
delighted,ADJ
old,ADJ
hate,VERB
stocking,NOUN
grasshopper,NOUN
501(c)(3,NOUN
free,ADJ
all,ADV
use,NOUN
amicably,ADV
elbow,NOUN
malice,NOUN
confine,VERB
twig,NOUN
continue,VERB
can,AUX
ant,NOUN
pasture,NOUN
whirl’d,NOUN
behave,VERB
honest,ADJ
oho,INTJ
disfigure,VERB
collaborate,VERB
prove,VERB
current,ADJ
wound,NOUN
lame,ADJ
hobblety,NOUN
outside,ADV
shelter,NOUN
nonproprietary,ADJ
arrange,VERB
contemptuously,ADV
wert,VERB
senseless,ADV
sleeve,NOUN
search,VERB
nest,NOUN
to,ADV
%,NOUN
overtook,VERB
likely,ADV
night,NOUN
chamberlain,NOUN
fling,VERB
bargain,NOUN
dismount,VERB
thumb,NOUN
doubt,NOUN
highest,ADJ
guiltless,NOUN
performance,NOUN
reach,VERB
screw,VERB
grinder,NOUN
welcome,NOUN
hast,VERB
straight,ADV
rest,NOUN
axe,ADJ
drain,NOUN
stir,VERB
understand,VERB
attempt,NOUN
far,ADJ
blue,ADV
stratagem,NOUN
associate,VERB
unfit,ADJ
eye,NOUN
noble,ADJ
though,ADV
riding,NOUN
of,ADV
arrive,VERB
grass,NOUN
howsoever,NOUN
www.gutenberg.org/contact,NOUN
awake,VERB
mayor,NOUN
lazy,ADJ
yourself,PRON
back,ADJ
noon,NOUN
barrow,NOUN
hang,ADJ
bed,NOUN
consume,VERB
out,ADV
attached,ADJ
rage,VERB
council,NOUN
forthwith,NOUN
jip,X
idle,VERB
upright,ADJ
exist,VERB
thine,NOUN
reveal,VERB
smith,NOUN
boast,NOUN
anxiety,NOUN
staircase,NOUN
bush,ADJ
loud,ADJ
shape,NOUN
outside,ADP
anything,PRON
bow,VERB
merely,ADV
scream,VERB
!,X
ponder,VERB
moment,NOUN
harm,NOUN
farther,ADV
bleed,VERB
play,VERB
],X
1.c,NOUN
to,ADP
license,NOUN
cunning,ADJ
herd,NOUN
pursue,VERB
supper,VERB
cup,NOUN
ah,INTJ
fix,VERB
justice,NOUN
breadcrumb,NOUN
softly,ADV
summer,NOUN
separate,ADJ
tallest,ADJ
bearskin,NOUN
yet,ADV
secretly,ADV
hot,ADJ
shabby,ADJ
rascal,ADJ
hiss,VERB
cast,VERB
crow,VERB
dread,NOUN
espy,VERB
loveliest,ADV
rueful,ADJ
taler,NOUN
calling,NOUN
medicine,NOUN
frightful,ADJ
lieu,NOUN
nobody,PRON
heed,NOUN
liberty,NOUN
life,NOUN
name,NOUN
delay,NOUN
release,VERB
first,ADJ
part,VERB
rosy,ADJ
cherry,NOUN
uncertain,ADJ
envious,ADJ
earliest,ADJ
graze,VERB
departure,NOUN
peacefully,ADV
breath,NOUN
do,VERB
stuff,VERB
yourself,NOUN
float,VERB
’s,PART
apprentice,NOUN
limit,VERB
underground,ADJ
innkeeper,NOUN
exchange,NOUN
donkey,NOUN
lighten,VERB
together,ADV
mouthful,NOUN
library,NOUN
buzz,NOUN
behind,ADP
terrified,ADJ
lodging,NOUN
needle,NOUN
hath,NOUN
kitchen,NOUN
repay,VERB
compare,VERB
home,ADV
quail,VERB
meek,NOUN
march,VERB
knock,VERB
grateful,ADJ
florin,NOUN
conceite,VERB
allow,VERB
rapid,ADJ
cooked,ADJ
roar,VERB
woodman,NOUN
therein,ADV
peering,NOUN
esteemed,ADJ
distress,NOUN
also,ADV
think,VERB
log,NOUN
white,ADJ
hangest,ADJ
now,INTJ
firm,ADJ
stroke,NOUN
habit,NOUN
bitterly,ADV
that!--some,NOUN
busybody,NOUN
light,VERB
engage,VERB
load,VERB
both,CCONJ
edge,NOUN
snug,NOUN
fortunately,ADV
gasp,VERB
brook,NOUN
lean,ADJ
hobble,VERB
cowardly,ADV
likely,ADJ
honourably,ADV
tear,NOUN
groan,VERB
test,NOUN
ride,VERB
crackle,NOUN
snuff,VERB
fall,NOUN
unwrap,VERB
our,PRON
warlike,ADJ
sinner,NOUN
knowing,NOUN
war,NOUN
awake,ADJ
recover,VERB
straight,ADJ
charge,NOUN
prominently,ADV
break,VERB
fetch,VERB
cage,NOUN
elder,ADJ
build,VERB
brilliant,ADJ
overlook,VERB
shame,NOUN
plank,NOUN
rich,ADJ
project,NOUN
sob,VERB
sit,VERB
blind,ADJ
loudly,ADV
invalidity,NOUN
away,ADP
nice,ADV
earthenware,NOUN
sure,ADV
urgent,ADJ
look,NOUN
deductible,NOUN
newsletter,NOUN
hideous,ADJ
gentle,ADJ
peaceably,ADV
fly,NOUN
longing,NOUN
pitiless,NOUN
salt,VERB
dull,ADJ
listener,NOUN
wall,NOUN
matter,VERB
alarm,VERB
overjoyed,ADJ
notice,VERB
merchant,NOUN
c,NOUN
pantry,NOUN
abode,NOUN
course,ADV
lace,VERB
tailor,VERB
wait,NOUN
axe,NOUN
taxis,NOUN
avail,NOUN
rejoice,VERB
dost,NOUN
survive,VERB
card,NOUN
occur,VERB
vengeance,NOUN
sighing,NOUN
bring,NOUN
sink,VERB
drank,VERB
page,NOUN
fisherman,NOUN
split,VERB
student,NOUN
despite,SCONJ
discover,VERB
imply,VERB
snatch,VERB
sigh,VERB
rather,ADV
solicitation,NOUN
conquer,VERB
burning,NOUN
ought,AUX
guide,VERB
plane,VERB
discourse,NOUN
wolf,NOUN
call,VERB
harness,NOUN
depart,VERB
cauldron,NOUN
medium,NOUN
immediately,ADV
merrymaking,NOUN
tender,ADJ
stem,NOUN
denial,NOUN
passage,NOUN
bush,NOUN
sudden,ADV
maintain,VERB
keep,VERB
presence,NOUN
trap,NOUN
peer,NOUN
contrast,NOUN
birth,NOUN
specify,VERB
porch,NOUN
road,NOUN
havoc,NOUN
flying,NOUN
thrust,NOUN
generation,NOUN
greatness,NOUN
cleave,VERB
length,NOUN
less,ADJ
dismiss,VERB
learning,NOUN
overwhelm,VERB
rejoicing,NOUN
my,PRON
leaf,NOUN
surely,ADV
processing,NOUN
rascal,NOUN
kneel,VERB
present,VERB
wage,NOUN
against,ADP
light,ADJ
beggar,ADJ
lad,NOUN
redistributing,ADJ
chatter,NOUN
select,VERB
sleeper,NOUN
drunk,ADJ
bonnet,NOUN
assume,VERB
copper,NOUN
shinest,ADJ
sorry,ADJ
menial,ADJ
cave,NOUN
stick,NOUN
anybody,PRON
lover,NOUN
idea,NOUN
bent,ADJ
terrible,ADJ
uncle,NOUN
confidential,ADJ
hew,VERB
sun,NOUN
relate,VERB
anywhere,ADV
pedlar,NOUN
defective,ADJ
victory,NOUN
mean,NOUN
town,NOUN
spur,NOUN
solemnize,VERB
humming,NOUN
along,ADV
fourthly,ADV
snore,VERB
neither,CCONJ
add,VERB
bee,NOUN
handkerchief,NOUN
does,AUX
district,NOUN
used,ADJ
commit,VERB
undertake,VERB
threepence,NOUN
help,NOUN
mad,ADJ
stretch,NOUN
tune,NOUN
quarrel,VERB
amongst,ADP
inn,NOUN
valley,NOUN
secret,ADJ
whilst,SCONJ
sir,NOUN
traveller,NOUN
run,NOUN
staff,NOUN
promise,VERB
loose,VERB
venture,VERB
talk,NOUN
speed,NOUN
enchantment,NOUN
stripe,NOUN
dispatch,VERB
receive,VERB
patch,VERB
yes,INTJ
chick,NOUN
hoofs,NOUN
stoop,VERB
keen,ADJ
respect,NOUN
unbidden,ADJ
number,NOUN
stomach,NOUN
nimbly,ADV
brighter,ADJ
stock,NOUN
ship,NOUN
grope,VERB
nice,ADJ
park,NOUN
warranty,NOUN
sure,ADJ
principally,ADV
bestir,VERB
thickest,NOUN
befall,VERB
liable,NOUN
liquor,NOUN
melt,VERB
dead,ADJ
whatsoever,ADV
drinking,NOUN
plant,NOUN
save,VERB
fireside,NOUN
challenge,VERB
steal,VERB
front,ADJ
window,NOUN
bath,NOUN
leap,VERB
landlord,NOUN
tap,VERB
coward,NOUN
resist,VERB
agree,VERB
press,VERB
reflection,NOUN
sickle,NOUN
flesh,NOUN
along,ADP
breathe,VERB
perfect,ADJ
decide,VERB
locate,VERB
remain,VERB
amend,NOUN
bean,NOUN
flowering,NOUN
curtain,NOUN
flash,VERB
shade,NOUN
rich,NOUN
beard,NOUN
sixth,ADJ
dusty,ADJ
instant,NOUN
cloak,NOUN
fur,NOUN
prosper,VERB
needful,ADJ
slipper,NOUN
fascinate,VERB
bow,NOUN
suitable,ADJ
deer,NOUN
year,NOUN
when,ADV
fully,ADV
steep,ADJ
horrid,NOUN
gratefully,ADV
nut,NOUN
higher,ADV
sacksful,NOUN
sounding,NOUN
prize,NOUN
wand,NOUN
purpose,NOUN
coffin,NOUN
spectacle,NOUN
simple,ADJ
hurricane,NOUN
suitor,NOUN
support,NOUN
cause,VERB
paint,VERB
stupid,ADJ
mat,NOUN
wish,NOUN
often,ADV
blockhead,NOUN
pigsty,NOUN
murder,NOUN
running,NOUN
cow,X
code,NOUN
new,ADV
bemoan,VERB
stab,VERB
sleek,ADJ
dive,VERB
honour,NOUN
mark,VERB
thither,DET
creation,NOUN
narrower,ADV
risk,NOUN
beak,NOUN
letter,NOUN
pick,NOUN
raven,NOUN
gay,ADJ
polluted,ADJ
unexpected,ADJ
opening,NOUN
value,NOUN
hew,ADJ
bustle,VERB
skip,VERB
snake,NOUN
rake,VERB
heaviest,ADJ
obsolete,ADJ
league,NOUN
hire,VERB
buyer,NOUN
horseman,NOUN
masterpiece,NOUN
visible,ADJ
gallery,NOUN
creep,VERB
syrup,NOUN
following,ADJ
design,NOUN
sweetheart,NOUN
pass,NOUN
whether,SCONJ
became,AUX
legitimate,ADJ
daybreak,NOUN
content,VERB
apply,VERB
royalty,NOUN
file,NOUN
jog,VERB
maypole,NOUN
fairy,NOUN
cruel,ADJ
fiddle,NOUN
twelfth,ADJ
themselves,PRON
scorch,NOUN
throw,VERB
knock,NOUN
nibble,VERB
enchant,VERB
reckon,VERB
switch,NOUN
faster,ADV
battle,NOUN
service,NOUN
hark,VERB
wet,VERB
daytime,NOUN
bite,VERB
fire,VERB
uncommon,ADJ
trouble,VERB
sake,NOUN
tobacco,NOUN
hall,NOUN
heat,VERB
courtier,NOUN
bark,VERB
that,ADV
calendar,NOUN
light,NOUN
blowest,ADJ
binary,ADJ
crew,NOUN
fiddler,NOUN
prepared,ADJ
honey,NOUN
steady,ADJ
dear,NOUN
because,SCONJ
case,NOUN
pay,VERB
school,NOUN
unruly,ADJ
shoemaker,NOUN
precipice,NOUN
shake,VERB
thankful,ADJ
furniture,NOUN
resume,VERB
poison,VERB
upside,ADJ
act,VERB
mood,NOUN
sulky,ADJ
kerchief,NOUN
mankind,NOUN
direct,ADJ
coachman,NOUN
accept,VERB
damage,NOUN
cudgel,NOUN
inform,VERB
anger,NOUN
break,NOUN
prick,VERB
yield,VERB
nag,NOUN
forget,VERB
twin,NOUN
doctor,VERB
queen,VERB
bit,NOUN
volume,NOUN
passion,NOUN
suspicion,NOUN
vent,VERB
west,NOUN
piteous,ADJ
secret,NOUN
middle,ADJ
playing,NOUN
dirty,VERB
hard,ADV
good,ADJ
crept,VERB
mew,VERB
miserably,ADV
grease,VERB
his,PRON
busily,ADV
labour,NOUN
bony,NOUN
thoughtfully,ADV
cunningest,ADJ
sign,NOUN
animal,NOUN
safety,NOUN
store,NOUN
should,AUX
plague,VERB
sight,NOUN
curious,ADJ
odious,ADJ
salt,NOUN
leisurely,ADV
widest,ADJ
wouldst,ADJ
soothsayer,NOUN
eleventh,ADJ
lip,NOUN
shock,VERB
though,SCONJ
matter,NOUN
tomorrow,NOUN
treat,VERB
alarm,NOUN
chuckle,VERB
purple,NOUN
bud,VERB
violently,ADV
sack,NOUN
next,ADJ
pry,NOUN
cure,VERB
undoubtedly,ADV
plaything,NOUN
discern,VERB
coat,NOUN
forest?--the,DET
terror,NOUN
out,SCONJ
crouch,VERB
previous,ADJ
seemly,ADJ
gain,VERB
marble,NOUN
broth,NOUN
quarter,NOUN
higher,ADJ
spice,NOUN
kettle,NOUN
underneath,ADV
dip,VERB
front,NOUN
happiness,NOUN
courteously,ADV
backward,ADJ
roast,NOUN
morsel,NOUN
mite,NOUN
chilly,ADJ
rank,NOUN
effort,NOUN
sometimes,ADV
poultry,NOUN
whereby,ADV
immediate,ADJ
refund,NOUN
vagabond,NOUN
nasty,ADJ
course,NOUN
cellarful,NOUN
dwell,NOUN
hind,NOUN
remainder,NOUN
entire,ADJ
howl,VERB
new,ADJ
com,ADJ
but,ADV
spilt,VERB
as,ADP
public,ADJ
set,NOUN
hold,VERB
finely,ADV
spring,NOUN
stranger,ADJ
biggest,ADJ
heap,NOUN
bravely,ADV
narrower,ADJ
itself,PRON
weak,ADJ
side,NOUN
horse,NOUN
marriage,NOUN
age,NOUN
astonishment,NOUN
trembling,NOUN
agent,NOUN
